<?xml version="1.0" encoding="UTF-8" standalone="yes"?>
<addon id="script.raiden.metadata" version="1.0.3" name="Raiden Metadata" provider-name="Raiden">
	<requires>
		<import addon="xbmc.python" version="2.19.0"/>
	</requires>
	<extension point="xbmc.python.module" library="lib" />
	<extension point="xbmc.addon.metadata">
		<summary>Metadata for Raiden Addon</summary>
		<description>Metadata for Raiden are maintained separately to make distribution of the the addon itself easier/faster.</description>
		<platform>all</platform>
        <assets>
	      <icon>icon.jpg</icon>
		</assets>		
	</extension>
</addon>
