<?xml version="1.0" encoding="UTF-8" standalone="yes"?>
<addon id="plugin.video.raiden" version="1.1.34" name="[COLOR blue][B]Raiden[/B][/COLOR]" provider-name="[COLOR blue][B]Raiden[/B][/COLOR]">
	<requires>
		<import addon="xbmc.python" version="2.19.0" />
		<import addon="script.module.raiden" />
		<import addon="script.raiden.artwork" version="1.0.0" />
		<import addon="script.raiden.metadata" version="1.0.0" />
		<import addon="script.module.urlresolver" version="3.0.0" />
		<import addon="script.module.requests" />
		<import addon="script.module.metahandler" version="1.0.0" />
	</requires>
	<extension point="xbmc.python.pluginsource" library="default.py">
		<provides>video</provides>
	</extension>
	<extension point="xbmc.addon.metadata">
		<summary lang="en">Movies and TV Shows on [COLOR blue]Raiden[/COLOR]</summary>
		<description lang="en">Please remember that Raiden is not an official part of the Kodi media player you are running, and therefore is not to be mentioned within official support channels of Kodi, this addon has nothing to do with the media player itself, nor it’s intended use, it is simply a third party plugin which has been added to your system.</description>
		<disclaimer lang="en">The author does not host or distribute any of the content displayed by this addon. The author does not have any affiliation with the content provider.</disclaimer>
		<platform>all</platform>
		<forum></forum>
		<website></website>
		<source></source>
		<assets>
			<icon>icon.png</icon>
			<fanart>fanart.jpg</fanart>
		</assets>
	</extension>
</addon>
