<?xml version="1.0" encoding="UTF-8" standalone="yes"?>
<addon id="script.biz.metadata" version="1.0.3" name="Biz Metadata" provider-name="Biz">
	<requires>
		<import addon="xbmc.python" version="2.19.0"/>
	</requires>
	<extension point="xbmc.python.module" library="lib" />
	<extension point="xbmc.addon.metadata">
		<summary>Metadata for Biz Addon</summary>
		<description>Metadata for Biz are maintained separately to make distribution of the the addon itself easier/faster.</description>
		<platform>all</platform>
        <assets>
	      <icon>icon.jpg</icon>
		</assets>		
	</extension>
</addon>
