<?xml version="1.0" encoding="UTF-8" standalone="yes"?>
<addon id="repository.tk1" name="Cartoons 24/7" version="1.0" provider-name="rat">
  <requires>
    <import addon="xbmc.python" version="2.1.0"/>
	<import addon="script.module.resolveurl" />
	<import addon="script.module.addon.common" />
  </requires>
  <extension point="xbmc.python.pluginsource" library="default.py">
		<provides>repository</provides>
  </extension>
  <extension point="xbmc.addon.metadata">
	<summary lang="en">Cartoons 24/7</summary>
	<description lang="en"></description>
	<disclaimer lang="en"></disclaimer>
	<platform>all</platform>
  </extension>
</addon>
