<?xml version="1.0" encoding="UTF-8" standalone="yes"?>
<addon id="plugin.program.fearlesswizard" name="[COLOR yellow]fearless[/COLOR] Wizard" version="2.0" provider-name="[COLOR yellow]Fearless[/COLOR]">
  <requires>
    <import addon="xbmc.python" version="2.1.0"/>
  </requires>
  <extension point="xbmc.python.pluginsource" library="default.py">
    <provides>executable</provides>
  </extension>
  <extension point="xbmc.service" library="startup.py" start="startup" />
  <extension point="xbmc.addon.metadata">
    <summary lang="en">[COLOR greenyellow]Fearless Wizard[/COLOR]</summary>
    <description lang="en">[COLOR snow]Custom Builds by Fearless.[/COLOR]
	[COLOR yellow]The Author does not host or distribute any of the content displayed by the addons. The author does not have any affiliation with the content providers.[/COLOR]</description>
    <platform>all</platform>
  </extension>
</addon>