<dir>
    <name>[COLOR gold][B]T[COLOR lime]ransporter [COLOR gold][B]L[COLOR lime]ive[/COLOR]   [COLOR gold][B](ON[COLOR lime][B]LINE[COLOR gold][B])[/B][/COLOR]</name>
    <link>plugin://script.module.aragon</link>
    <thumbnail></thumbnail>
	<fanart></fanart>
</dir>

<dir>
    <name>[COLOR gold][B]T[COLOR lime]ransporter [COLOR gold][B]L[COLOR lime]ive[/COLOR]   [COLOR gold][B](ON[COLOR lime][B]LINE[COLOR gold][B])[/B][/COLOR]</name>
	<link>plugin://script.module.aragon.net</link>
    <thumbnail></thumbnail>
	<fanart></fanart>
</dir>