<?xml version="1.0" encoding="UTF-8" standalone="yes"?>
<addon id="script.raiden.artwork" version="1.0.1" name="Raiden Artwork" provider-name="Fearless">
	<requires>
		<import addon="xbmc.python" version="2.19.0"/>
	</requires>
	<extension point="xbmc.python.module" library="lib" />
	<extension point="xbmc.addon.metadata">
		<summary>Themes for the Raiden Addon</summary>
		<description>Themes for Raiden are maintained separately to make distribution of the the addon itself easier/faster.</description>
		<platform>all</platform>
        <assets>
	      <icon>icon.jpg</icon>
		</assets>		
	</extension>
</addon>
