<?xml version="1.0" encoding="UTF-8" standalone="yes"?>
<addon id="repository.fearless" name="Fearless" version="0.0.2" provider-name="Fearless">
	<extension point="xbmc.addon.repository" name="Fearless">
		<dir>
			<info compressed="false">https://raw.githubusercontent.com/totalrevolution/python-koding/master/zips/addons.xml</info>
			<checksum>https://raw.githubusercontent.com/totalrevolution/python-koding/master/zips/addons.xml.md5</checksum>
			<datadir zip="true">https://raw.githubusercontent.com/totalrevolution/python-koding/master/zips/</datadir>
		</dir>
		<dir>
                <info compressed="false">https://raw.githubusercontent.com/jsergio123/zips/master/addons.xml</info>
                <checksum>https://raw.githubusercontent.com/jsergio123/zips/master/addons.xml.md5</checksum>
                <datadir zip="true">https://raw.githubusercontent.com/jsergio123/zips/master/</datadir>
            </dir>
		<dir>
			<info compressed="false">https://github.com/tvaddonsco/tva-resolvers-repo/raw/master/addons.xml</info>
			<checksum>https://github.com/tvaddonsco/tva-resolvers-repo/raw/master/addons.xml.md5</checksum>
			<datadir zip="true">https://github.com/tvaddonsco/tva-resolvers-repo/raw/master/zips/</datadir>
	    </dir>
		<dir>
		<info compressed="false">https://raw.githubusercontent.com/Fearless76/repository.fearless/master/zips/addons.xml</info>
		<checksum>https://raw.githubusercontent.com/Fearless76/repository.fearless/master/zips/addons.xml.md5</checksum>
		<datadir zip="true">https://raw.githubusercontent.com/Fearless76/repository.fearless/master/zips/</datadir>
	    </dir>
		<dir>
				<info compressed="false">http://teamuniversal.xyz/modules4all/addons.xml</info>
				<checksum>http://teamuniversal.xyz/modules4all/addons.xml.md5</checksum>
				<datadir zip="true">http://teamuniversal.xyz/modules4all/</datadir>
			</dir>
	</extension>
	<extension point="xbmc.addon.metadata">
		<summary lang="en">Fearless Repository</summary>
		<description lang="en">fearless repo</description>
		<platform>all</platform>
		<genre>kids,livetv,movies,music,sports,tvshows,wizard,usa</genre>
	</extension>
</addon>