<?xml version="1.0" encoding="UTF-8" standalone="yes"?>
<addon id="script.untouchables.artwork" version="2018.04.14" name="Untouchables Artwork" provider-name="Fearless">
	<requires>
		<import addon="xbmc.python" version="2.19.0"/>
	</requires>
	<extension point="xbmc.python.script" library="default.py">
		<provides>executable</provides>
	</extension>
	<extension point="xbmc.addon.metadata">
		<summary>Themes for the Untouchables Addon</summary>
		<description></description>
		<platform>all</platform>
		<news></news>
	</extension>
</addon>
